iteration,exploitability,value_p0,seconds
1000,0.50098776,-0.14530620,0.000
2000,0.30563861,-0.08660889,0.001
4000,0.24995467,-0.10154132,0.001
8000,0.13888749,-0.08896235,0.002
16000,0.10463906,-0.10522937,0.004
32000,0.06801630,-0.10105079,0.007
64000,0.05635424,-0.08781651,0.013
128000,0.04010607,-0.08917065,0.025
256000,0.03010573,-0.08872814,0.049
512000,0.02178119,-0.08822221,0.098
1024000,0.01636635,-0.08766502,0.188
2048000,0.01235782,-0.08731540,0.301
4000000,0.00906870,-0.08675709,0.518
