iteration,seconds,iters_per_sec,visits_per_sec,avg_pos_regret_mbb,preflop_l1_vs_prev,sb_fold,sb_limp,sb_raise,pruned_frac
8540098,30.2,282543.0,58224166,13381.9556,0.92039,0.0806,0.2858,0.6337,0.0000
16754101,61.2,265016.0,59916611,8120.1440,0.16431,0.0802,0.2741,0.6457,0.0000
24901074,91.8,266265.9,59175837,5955.7609,0.09068,0.0821,0.2599,0.6580,0.0074
31965382,122.8,228138.7,49932647,4916.7526,0.06501,0.0843,0.2428,0.6729,0.0188
40996264,153.1,298007.8,64918161,4057.2967,0.05863,0.0852,0.2280,0.6868,0.0232
50013429,183.9,293052.4,63479463,3445.6468,0.04743,0.0872,0.2194,0.6934,0.0302
60890846,213.9,361646.3,78989579,2950.1118,0.04725,0.0897,0.2126,0.6977,0.0327
69857320,244.4,294303.7,63891778,2642.0397,0.03352,0.0908,0.2079,0.7013,0.0397
79153533,274.4,309861.4,66473156,2383.8154,0.02828,0.0914,0.2081,0.7005,0.0421
89007457,304.4,328439.3,68724691,2156.1719,0.02630,0.0922,0.2039,0.7039,0.0592
99280764,334.4,342303.7,69614630,1956.6360,0.02415,0.0929,0.1987,0.7084,0.0723
110752092,365.3,371108.6,73113300,1775.7340,0.02016,0.0936,0.1916,0.7147,0.0813
121782594,395.7,362774.2,70141310,1635.1603,0.01689,0.0944,0.1864,0.7191,0.0901
133197643,425.8,379468.3,72425225,1513.9858,0.01519,0.0951,0.1848,0.7201,0.0959
145693762,456.5,407133.0,75990943,1400.9674,0.01256,0.0956,0.1835,0.7209,0.1024
158195319,486.8,412909.0,74654453,1305.0577,0.01262,0.0960,0.1811,0.7229,0.1101
170950245,516.8,425031.0,75341315,1220.0992,0.00948,0.0964,0.1787,0.7250,0.1157
186516337,547.1,513529.3,88146848,1131.0373,0.01126,0.0967,0.1749,0.7285,0.1232
197964313,577.3,379652.4,63716839,1073.8158,0.00696,0.0969,0.1724,0.7307,0.1292
209701426,608.3,378521.0,62531392,1024.1712,0.00706,0.0971,0.1708,0.7321,0.1320
221794894,639.2,390854.2,63448056,977.2048,0.00614,0.0972,0.1689,0.7338,0.1354
233925090,669.4,401892.2,63420344,933.9723,0.00696,0.0974,0.1668,0.7358,0.1400
245496334,699.4,385593.7,59874079,897.2765,0.00641,0.0975,0.1654,0.7371,0.1425
258492113,730.3,420042.2,64414480,859.0960,0.00482,0.0976,0.1643,0.7381,0.1457
271034519,760.7,412624.3,62016984,826.1248,0.00532,0.0977,0.1631,0.7392,0.1494
282994807,790.7,398572.8,58713032,797.4226,0.00421,0.0978,0.1623,0.7399,0.1521
294907796,820.7,397069.7,58133522,770.2806,0.00494,0.0979,0.1620,0.7401,0.1533
307791556,850.8,428300.8,62155912,743.5339,0.00443,0.0980,0.1619,0.7401,0.1565
325356143,881.7,568640.2,81731144,710.6564,0.00529,0.0982,0.1621,0.7397,0.1580
340689609,912.4,498966.3,69698116,684.1358,0.00503,0.0984,0.1615,0.7401,0.1617
354132862,942.8,442619.9,60962314,662.6342,0.00505,0.0986,0.1609,0.7405,0.1641
368293588,973.0,469913.3,64232368,641.3569,0.00435,0.0988,0.1601,0.7411,0.1669
383483925,1004.1,488483.9,65410135,620.4706,0.00411,0.0990,0.1589,0.7421,0.1708
399185886,1034.4,518165.6,67872105,600.6074,0.00413,0.0992,0.1575,0.7433,0.1736
414946738,1064.7,519121.1,66445589,581.7893,0.00443,0.0995,0.1559,0.7446,0.1754
429462036,1095.4,473540.4,60454136,565.6986,0.00366,0.0996,0.1551,0.7453,0.1762
445371804,1125.8,522849.0,66406279,549.3887,0.00431,0.0998,0.1544,0.7458,0.1764
460051978,1156.5,478856.8,59723220,535.4060,0.00309,0.1000,0.1538,0.7462,0.1783
475064196,1187.3,486670.9,59715844,521.6385,0.00290,0.1002,0.1533,0.7465,0.1813
486981893,1218.0,388030.7,47263747,511.2899,0.00176,0.1003,0.1530,0.7467,0.1831
496110041,1248.1,303299.8,36935066,503.6321,0.00187,0.1004,0.1528,0.7467,0.1832
506237848,1278.3,335705.2,40544667,495.6008,0.00183,0.1005,0.1527,0.7468,0.1857
517280535,1308.6,363993.9,43640628,487.0702,0.00191,0.1005,0.1524,0.7471,0.1873
528308489,1339.2,359987.8,42704256,478.8879,0.00272,0.1006,0.1521,0.7474,0.1879
540337348,1369.3,400515.6,46825751,470.2415,0.00254,0.1006,0.1515,0.7478,0.1904
552414828,1399.6,398133.4,46186125,461.7273,0.00204,0.1007,0.1510,0.7483,0.1907
564504764,1429.6,402704.4,46678647,453.9658,0.00383,0.1008,0.1504,0.7488,0.1919
578421292,1459.7,463434.8,53279353,445.1476,0.00227,0.1008,0.1498,0.7494,0.1932
592093457,1489.9,452241.6,51899621,436.9892,0.00206,0.1009,0.1492,0.7499,0.1938
596538478,1500.0,439943.9,49894466,434.4645,0.00067,0.1009,0.1490,0.7500,0.1951
